{"cameraMode":{"drawMode":0,"name":"Shaded","section":"Shading Mode"},"sceneLighting":true,"audioPlay":false,"sceneViewState":{"showFog":true,"showMaterialUpdate":false,"showSkybox":true,"showFlares":true,"showImageEffects":true,"showParticleSystems":true},"in2DMode":false,"pivot":{"x":8.003649711608887,"y":6.6761908531188969,"z":-5.663838863372803},"rotation":{"x":-0.16113826632499696,"y":0.5950135588645935,"z":-0.12328658998012543,"w":-0.7776908874511719},"size":10.0,"orthographic":false}